-- R01
insert into "user" (id, name, username, password, email, about, picture) values
  ('Torrance Jerrom', 'tjerrom0', 'YeBGgmC', 'tjerrom0@deliciousdays.com', 'Dental Hygienist', 'http://dummyimage.com/102x100.png/ff4444/ffffff'),
  ('Keenan O''Bruen', 'kobruen1', 'BTFYEdJ', 'kobruen1@yolasite.com', 'Tax Accountant', 'http://dummyimage.com/135x100.png/dddddd/000000'),
  ('Joey Kores', 'jkores2', 'hSpFcNF', 'jkores2@parallels.com', 'Administrative Officer', 'http://dummyimage.com/169x100.png/5fa2dd/ffffff'),
  ('Berky Shakespeare', 'bshakespeare3', 'UlBGb5', 'bshakespeare3@deliciousdays.com', 'Biostatistician IV', 'http://dummyimage.com/110x100.png/dddddd/000000'),
  ('Ives Shinn', 'ishinn4', 'ct4ESru', 'ishinn4@topsy.com', 'Programmer Analyst IV', 'http://dummyimage.com/226x100.png/cc0000/ffffff'),
  ('Ian Franklyn', 'ifranklyn5', 'zLrS0M6kj', 'ifranklyn5@oracle.com', 'Senior Quality Engineer', 'http://dummyimage.com/231x100.png/ff4444/ffffff'),
  ('Pernell Danelut', 'pdanelut6', 'Ev58adsWg', 'pdanelut6@shareasale.com', 'Marketing Manager', 'http://dummyimage.com/233x100.png/ff4444/ffffff'),
  ('Malachi Rilings', 'mrilings7', 'KzNfOzPGNf0', 'mrilings7@tinypic.com', 'Nurse', 'http://dummyimage.com/248x100.png/ff4444/ffffff'),
  ('Gill Lehrian', 'glehrian8', '5so0kMf9N7D9', 'glehrian8@sina.com.cn', 'Junior Executive', 'http://dummyimage.com/170x100.png/ff4444/ffffff'),
  ('Baily Bernet', 'bbernet9', 'TTXdHTpMu3N', 'bbernet9@weather.com', 'Chemical Engineer', 'http://dummyimage.com/199x100.png/ff4444/ffffff'),
  ('Miner Abazi', 'mabazia', 'EllP4J8DVM', 'mabazia@mashable.com', 'Payment Adjustment Coordinator', 'http://dummyimage.com/141x100.png/dddddd/000000'),
  ('Kleon Olech', 'kolechb', 'Nau0PYH5ZS', 'kolechb@studiopress.com', 'Environmental Specialist', 'http://dummyimage.com/198x100.png/5fa2dd/ffffff'),
  ('Emmy Sisley', 'esisleyc', 'VICwW4yX', 'esisleyc@noaa.gov', 'Account Representative II', 'http://dummyimage.com/174x100.png/5fa2dd/ffffff'),
  ('Olav Zanetto', 'ozanettod', 'OJJLPwNPIIf', 'ozanettod@hostgator.com', 'Senior Developer', 'http://dummyimage.com/116x100.png/dddddd/000000'),
  ('Paulina Habbeshaw', 'phabbeshawe', 'QZkZLn', 'phabbeshawe@time.com', 'Librarian', 'http://dummyimage.com/224x100.png/ff4444/ffffff'),
  ('Karil Peoples', 'kpeoplesf', '9mLVnY1Fkksm', 'kpeoplesf@behance.net', 'Occupational Therapist', 'http://dummyimage.com/200x100.png/5fa2dd/ffffff'),
  ('Daisi Worters', 'dwortersg', 'WEwGru55Bl4a', 'dwortersg@icio.us', 'Help Desk Operator', 'http://dummyimage.com/143x100.png/dddddd/000000'),
  ('Cathee Carthy', 'ccarthyh', 'rhfqZj3kV02', 'ccarthyh@twitter.com', 'Senior Quality Engineer', 'http://dummyimage.com/177x100.png/ff4444/ffffff'),
  ('Dusty Maxwaile', 'dmaxwailei', 'oZJFF9', 'dmaxwailei@google.nl', 'Systems Administrator II', 'http://dummyimage.com/235x100.png/ff4444/ffffff'),
  ('Tybalt Russan', 'trussanj', '1rlJ9S3', 'trussanj@linkedin.com', 'Editor', 'http://dummyimage.com/179x100.png/ff4444/ffffff'),
  ('Rhona Kemmett', 'rkemmettk', 'xCrizjpI', 'rkemmettk@lulu.com', 'Information Systems Manager', 'http://dummyimage.com/120x100.png/ff4444/ffffff'),
  ('Rubetta Molesworth', 'rmolesworthl', 'HebsnJ7jD1nH', 'rmolesworthl@hexun.com', 'Geologist I', 'http://dummyimage.com/227x100.png/ff4444/ffffff'),
  ('Magdaia Volcker', 'mvolckerm', '7B8AVrNiv7FK', 'mvolckerm@bluehost.com', 'VP Product Management', 'http://dummyimage.com/122x100.png/dddddd/000000'),
  ('Eleen Bullin', 'ebullinn', 'LrZT0WxXi', 'ebullinn@vk.com', 'Software Engineer IV', 'http://dummyimage.com/172x100.png/5fa2dd/ffffff'),
  ('Anallese Thoma', 'athomao', 'DBlMQm', 'athomao@flickr.com', 'Research Assistant III', 'http://dummyimage.com/150x100.png/5fa2dd/ffffff'),
  ('Gib Kipping', 'gkippingp', 'f0GXcvW1l', 'gkippingp@joomla.org', 'Operator', 'http://dummyimage.com/120x100.png/cc0000/ffffff'),
  ('Jasun Deverock', 'jdeverockq', 'T7ELVdowbl0', 'jdeverockq@addthis.com', 'Statistician IV', 'http://dummyimage.com/115x100.png/cc0000/ffffff'),
  ('Jodee Burmaster', 'jburmasterr', 'mffWNq', 'jburmasterr@foxnews.com', 'Biostatistician I', 'http://dummyimage.com/148x100.png/5fa2dd/ffffff'),
  ('Glynn Baytrop', 'gbaytrops', 'r4HP1rmMuAfo', 'gbaytrops@ed.gov', 'Sales Representative', 'http://dummyimage.com/218x100.png/5fa2dd/ffffff'),
  ('Zilvia Marvell', 'zmarvellt', 'uudLf0', 'zmarvellt@cbslocal.com', 'Senior Quality Engineer', 'http://dummyimage.com/139x100.png/ff4444/ffffff');

-- R02
insert into moderator (id) values (1), (2), (3);

-- R03
insert into administrator (id) values (1);

-- R04
insert into ban (id_user, id_admin, "date", reason) values
  (10, 1, '2021-03-23', 'Verbal abuse.'),
  (11, 1, '2021-03-22', 'Racist comments.');

-- R05
insert into news (id, author, title, subtitle, body, date) values
  (1, 1, 'Hello and welcome.', 'The website is open.', 'You can now join and use our community.', '2021-03-15'),
  (2, 1, 'We have reached 100 members.', 'Our community is growing.', 'Thank you everyone for trusting us.', '2021-03-15');

-- R06
INSERT INTO topic_proposal (id, id_user, id_admin, topic_name, "date", reason, accepted) VALUES 
  (1, 3, NULL, 'zig', '2020-03-28', 'interesting language', false),
  (2, 1, 1, 'c++', '2020-03-28','i like c plus plus', false);

-- R07
INSERT INTO achievement(id, title, body) VALUES
  (1, 'Post first question', 'You posted your first question on Segmentation Fault'),
  (2, 'Get first accepted answer', 'An answer you posted was chosen as the accepted answer');

-- R08
-- INSERT INTO achieved(id_user, id_achievement, "date") VALUES (1, 1, '2008-12-17');
-- INSERT INTO achieved(id_user, id_achievement, "date") VALUES (5, 1, '2008-09-25');
-- INSERT INTO achieved(id_user, id_achievement, "date") VALUES (9, 1, '2011-04-23');
-- INSERT INTO achieved(id_user, id_achievement, "date") VALUES (12, 1, '2021-03-28');
-- INSERT INTO achieved(id_user, id_achievement, "date") VALUES (15, 1, '2019-08-22');
-- INSERT INTO achieved(id_user, id_achievement, "date") VALUES (3, 2, '2010-05-27');
-- INSERT INTO achieved(id_user, id_achievement, "date") VALUES (10, 2, '2011-04-23');
-- INSERT INTO achieved(id_user, id_achievement, "date") VALUES (16, 2, '2020-09-20');

-- R09
INSERT INTO post(id_owner, body, "date") VALUES
  (1, 'If Python does not have a ternary conditional operator, is it possible to simulate one using other language constructs?', '2008-12-17'),
  (2, 'In the Python 3.0 official documentation referenced in a comment above, this is referred to as "conditional_expressions" and is very cryptically defined. That documentation doesn''t even include the term "ternary", so you would be hard-pressed to find it via Google unless you knew exactly what to look for. The version 2 documentation is somewhat more helpful and includes a link to "PEP 308", which includes a lot of interesting historical context related to this question.', '2013-01-10'),
  (3, '<expression 2> if <condition> else <expression 1>', '2010-05-27'),
  (4, 'This one emphasizes the primary intent of the ternary operator: value selection. It also shows that more than one ternary can be chained together into a single expression.', '2010-10-04'),
  (5, 'What is the difference between a function decorated with @staticmethod and one decorated with @classmethod?', '2008-09-25'),
  (6, 'tl;dr >> when compared to normal methods, the static methods and class methods can also be accessed using the class but unlike class methods, static methods are immutable via inheritance.', '2018-07-11'),
  (7, 'Basically @classmethod makes a method whose first argument is the class it''s called from (rather than the class instance), @staticmethod does not have any implicit arguments.','2008-09-25'),
  (8, '@classmethod : can be used to create a shared global access to all the instances created of that class..... like updating a record by multiple users.... I particulary found it use ful when creating singletons as well..:)\n@static method: has nothing to do with the class or instance being associated with ...but for readability can use static method', '2017-09-20'),
  (9, 'I have an array of numbers and I''m using the .push() method to add elements to it.\nIs there a simple way to remove a specific element from an array?\nI''m looking for the equivalent of something like:\narray.remove(number);\nI have to use core JavaScript. Frameworks are not allowed.', '2011-04-23'),
  (10, 'Find the index of the array element you want to remove using indexOf, and then remove that index with splice.', '2011-04-23'),
  (11, 'Serious question: why doesn''t JavaScript allow the simple and intuitive method of removing an element at an index? A simple, elegant, myArray.remove(index); seems to be the best solution and is implemented in many other languages (a lot of them older than JavaScript.)', '2020-09-10'),
  (12, 'I''m trying to use the code from this repository. The problem is that it isn''t a package (I think?) because it can''t be found on PyPI and there''s no setup.py file (so I can''t use pip install git+<repo link>). How would I then be able to use this code in my project?', '2021-03-28'),
  (13, 'That repository doesn''t seem to be properly packaged for library use at all. I''d recommend forking it, making the changes you need to make it usable (moving the files into a package, adding a setup.py) and then using that as a git+https:// style requirement.', '2021-03-28'),
  (14, 'Exactly, the repo is also under an MIT License, which really even allows keeping the source files in the project directly.', '2021-03-28'),
  (15, 'How do you set, clear, and toggle a bit?', '2019-08-22'),
  (16, 'Use the bitwise OR operator (|) to set a bit.', '2020-09-20'),
  (17, 'You are very dumb haha','2020-09-20');


-- R10
INSERT INTO answer(id) VALUES (3);
INSERT INTO answer(id) VALUES (7);
INSERT INTO answer(id) VALUES (8);
INSERT INTO answer(id) VALUES (10);
INSERT INTO answer(id) VALUES (13);
INSERT INTO answer(id) VALUES (16);

-- R11

INSERT INTO question(id, accepted_answer, title, bounty, closed) VALUES (1, 3, 'Does Python have a ternary conditional operator?', 0, true);
INSERT INTO question(id, accepted_answer, title, bounty, closed) VALUES (5, NULL, 'Difference between staticmethod and classmethod', 20, false);
INSERT INTO question(id, accepted_answer, title, bounty, closed) VALUES (9, 10, 'How can I remove a specific item from an array?', 0, true);
INSERT INTO question(id, accepted_answer, title, bounty, closed) VALUES (12, NULL, 'How to use non-packaged Python code from GitHub?', 30, false);
INSERT INTO question(id, accepted_answer, title, bounty, closed) VALUES (15, 16, 'How do you set, clear, and toggle a single bit?', 0, true);


-- R12
INSERT INTO answer_question(id_answer, id_question) VALUES (3, 1);
INSERT INTO answer_question(id_answer, id_question) VALUES (10, 9);
INSERT INTO answer_question(id_answer, id_question) VALUES (16, 15);
INSERT INTO answer_question(id_answer, id_question) VALUES (7, 5);
INSERT INTO answer_question(id_answer, id_question) VALUES (8, 5);
INSERT INTO answer_question(id_answer, id_question) VALUES (13, 12);


-- R13
INSERT INTO comment(id, id_question, id_answer) VALUES (2, 1, NULL);
INSERT INTO comment(id, id_question, id_answer) VALUES (4, NULL, 3);
INSERT INTO comment(id, id_question, id_answer) VALUES (6, 5, NULL);
INSERT INTO comment(id, id_question, id_answer) VALUES (11, NULL, 10);
INSERT INTO comment(id, id_question, id_answer) VALUES (14, 12, NULL);
INSERT INTO comment(id, id_question, id_answer) VALUES (17, 15, NULL);

-- R14
INSERT INTO vote(id_post, id_user, value) VALUES 
  (1, 2, -1),
  (1, 3, 1),
  (1, 4, -1),
  (3, 6, 1),
  (3, 7, -1),
  (5, 10, 1),
  (5, 15, 1),
  (5, 11, 1);

-- R15
INSERT INTO edit_proposal(id_post, id_user, id_moderator, body) VALUES
  (3, 5, NULL, '<expression 2> if <condition> else <expression 1>');


-- R16
INSERT INTO topic (name) VALUES ('cpp');
INSERT INTO topic (name) VALUES ('python');
INSERT INTO topic (name) VALUES ('javascript');
INSERT INTO topic (name) VALUES ('c');
INSERT INTO topic (name) VALUES ('sql');
INSERT INTO topic (name) VALUES ('prolog');

--R17
INSERT INTO topic_question (id_topic, id_question) VALUES (2, 1);
INSERT INTO topic_question (id_topic, id_question) VALUES (2, 5);
INSERT INTO topic_question (id_topic, id_question) VALUES (3, 9);
INSERT INTO topic_question (id_topic, id_question) VALUES (2, 12);
INSERT INTO topic_question (id_topic, id_question) VALUES (1, 15);
INSERT INTO topic_question (id_topic, id_question) VALUES (4, 15);

-- R18
INSERT INTO report (id_post, reporter, "date", reason, state, reviewer) VALUES (15, 15, '2020-07-29', 'He called me dumb', 'pending', 2);

-- R19
-- INSERT INTO notification ("date", title, body, recipient) VALUES (1, '2021-03-01', 'New achievement', 'You have achieved: ', 1);
-- INSERT INTO notification ("date", title, body, recipient) VALUES (2, '2021-03-02', 'New achievement', 'You have achieved: ', 5);
-- INSERT INTO notification ("date", title, body, recipient) VALUES (3, '2021-03-03', 'New achievement', 'You have achieved: ', 9);
-- INSERT INTO notification ("date", title, body, recipient) VALUES (4, '2021-03-04', 'New achievement', 'You have achieved: ', 12);
-- INSERT INTO notification ("date", title, body, recipient) VALUES (5, '2021-03-05', 'New achievement', 'You have achieved: ', 15);
-- INSERT INTO notification ("date", title, body, recipient) VALUES (6, '2021-03-06', 'New achievement', 'You have achieved: ', 3);
-- INSERT INTO notification ("date", title, body, recipient) VALUES (7, '2021-03-07', 'New achievement', 'You have achieved: ', 10);
-- INSERT INTO notification ("date", title, body, recipient) VALUES (8, '2021-03-08', 'New achievement', 'You have achieved: ', 16);
INSERT INTO notification ("date", title, body, recipient) VALUES ('2021-03-10', 'New answer', 'Someone answered your question: ', 1);
INSERT INTO notification ("date", title, body, recipient) VALUES ('2021-03-11', 'New answer', 'Someone answered your question: ', 9);
INSERT INTO notification ("date", title, body, recipient) VALUES ('2021-03-12', 'New answer', 'Someone answered your question: ', 15);
INSERT INTO notification ("date", title, body, recipient) VALUES ('2021-03-13', 'New answer', 'Someone answered your question: ', 5);
INSERT INTO notification ("date", title, body, recipient) VALUES ('2021-03-14', 'New answer', 'Someone answered your question: ', 5);
INSERT INTO notification ("date", title, body, recipient) VALUES ('2021-03-15', 'New answer', 'Someone answered your question: ', 12);

-- R20
-- INSERT INTO notification_achievement (id, id_achievement) VALUES (1, 1);
-- INSERT INTO notification_achievement (id, id_achievement) VALUES (2, 1);
-- INSERT INTO notification_achievement (id, id_achievement) VALUES (3, 1);
-- INSERT INTO notification_achievement (id, id_achievement) VALUES (4, 1);
-- INSERT INTO notification_achievement (id, id_achievement) VALUES (5, 1);
-- INSERT INTO notification_achievement (id, id_achievement) VALUES (6, 1);
-- INSERT INTO notification_achievement (id, id_achievement) VALUES (7, 2);
-- INSERT INTO notification_achievement (id, id_achievement) VALUES (8, 2);
-- INSERT INTO notification_achievement (id, id_achievement) VALUES (9, 2);

-- R21
INSERT INTO notification_post (id, id_post) VALUES (9, 1);
INSERT INTO notification_post (id, id_post) VALUES (10, 9);
INSERT INTO notification_post (id, id_post) VALUES (11, 15);
INSERT INTO notification_post (id, id_post) VALUES (12, 5);
INSERT INTO notification_post (id, id_post) VALUES (13, 5);
INSERT INTO notification_post (id, id_post) VALUES (14, 12);
